freq,core,L1D_size,L1D_assoc,L1D_type,L1I_size,L1I_assoc,L1I_type,l2_enabled,l2_prefetch,L2_size,L2_assoc,L2_type,benchmark,sim_seconds,total_energy,l1i_hits,l1i_misses,l1i_miss_rate,l1d_hits,l1d_misses,l1d_miss_rate,l2_hits,l2_misses,l2_miss_rate,refreshEnergy,selfRefreshEnergy,actEnergy,actBackEnergy,actPowerDownEnergy,preEnergy,preBackEnergy,prePowerDownEnergy,readEnergy,writeEnergy,dCacheStaticPower,dCacheDynamicPower,dWalkerCacheStaticPower,dWalkerCacheDynamicPower,iCacheStaticPower,iCacheDynamicPower,iWalkerCacheStaticPower,iWalkerCacheDynamicPower,cpuStaticPower,cpuDynamicPower,l2StaticPower,l2DynamicPower
1500,A15,512kB,16,"hp",128kB,4,"hp",True,False,2MB,8,"hp",7.99834112863e-06,0.018665,428520821.25,11432750.0,887.0,0.003056,8398140.0,302342.0,1.029186,45502.0,46036.0,2.760375,25123020.0,46215911.55,31378515.0,82626679.5,25195190.7,16534560.0,2096100.0,1856574.0,170746968.0,26740584.0,3.314132,1.541331,3.8e-05,0.0,0.675165,0.508586,3.8e-05,0.0,0.010925,0.012198,12.963681,0.060036
1500,A15,512kB,32,"hp",128kB,4,"hp",True,False,2MB,8,"hp",8.01328811992e-06,0.01866,429436662.375,11432724.0,886.0,0.003077,8401567.0,298818.0,1.025477,43157.0,46220.0,2.782621,25147200.0,46203497.775,31389225.0,82971223.5,25196055.3,16536441.6,2066071.2,1856011.5,170953944.0,27114048.0,3.567725,2.308885,3.8e-05,0.0,0.675165,0.508624,3.8e-05,0.0,0.010925,0.012198,12.963681,0.058937
1500,A15,512kB,64,"hp",128kB,4,"hp",True,False,2MB,8,"hp",8.07146153307e-06,0.018671,432299369.775,11436402.0,887.0,0.00308,8409756.0,294879.0,1.012382,43146.0,46286.0,2.786097,25413180.0,46322425.125,31656975.0,83905122.0,25017495.75,16679443.2,2123191.2,1964889.0,171481968.0,27727128.0,3.896482,3.689771,3.8e-05,0.0,0.675165,0.508733,3.8e-05,0.0,0.010925,0.012198,12.963681,0.05878
1500,A15,512kB,16,"hp",128kB,8,"hp",True,False,2MB,8,"hp",1.12901607924e-05,0.024714,456832596.6,11231452.0,820.0,0.003421,8386193.0,292080.0,1.080972,45587.0,45908.0,2.785659,28580760.0,63442450.2,31296405.0,84682788.0,30115039.8,16488460.8,2391532.8,2544696.0,170583504.0,26705016.0,4.3607,1.535003,5e-05,0.0,0.8601,0.513674,5e-05,0.0,0.014375,0.012192,17.057475,0.058862
1500,A15,512kB,32,"hp",128kB,8,"hp",True,False,2MB,8,"hp",1.12837628054e-05,0.024712,456610667.1,11231417.0,820.0,0.00344,8389024.0,289019.0,1.074568,43295.0,46052.0,2.802427,28411500.0,63407130.75,31405290.0,83577894.0,30649264.35,16548672.0,2297652.0,2414911.5,170815176.0,27081288.0,4.694375,2.299218,5e-05,0.0,0.8601,0.513699,5e-05,0.0,0.014375,0.012193,17.057475,0.057725
1500,A15,512kB,64,"hp",128kB,8,"hp",True,False,2MB,8,"hp",1.1378608766e-05,0.02473,460113577.275,11235829.0,832.0,0.003505,8396285.0,288214.0,1.064926,43205.0,46197.0,2.81466,28798380.0,63501978.075,31862250.0,85115188.5,29915828.1,16787635.2,2349386.4,2686707.0,171397296.0,27693432.0,5.12695,3.674292,5e-05,0.0,0.8601,0.513791,5e-05,0.0,0.014375,0.012189,17.057475,0.057377
1500,A15,512kB,16,"hp",128kB,16,"hp",True,False,2MB,8,"hp",1.12901607924e-05,0.024714,456832596.6,11231452.0,820.0,0.003421,8386193.0,292080.0,1.080972,45587.0,45908.0,2.785659,28580760.0,63442450.2,31296405.0,84682788.0,30115039.8,16488460.8,2391532.8,2544696.0,170583504.0,26705016.0,4.3607,1.535003,5e-05,0.0,0.939725,0.523662,5e-05,0.0,0.014375,0.012192,17.057475,0.058862
1500,A15,512kB,32,"hp",128kB,16,"hp",True,False,2MB,8,"hp",1.12837628054e-05,0.024712,456610667.1,11231417.0,820.0,0.00344,8389024.0,289019.0,1.074568,43295.0,46052.0,2.802427,28411500.0,63407130.75,31405290.0,83577894.0,30649264.35,16548672.0,2297652.0,2414911.5,170815176.0,27081288.0,4.694375,2.299218,5e-05,0.0,0.939725,0.523687,5e-05,0.0,0.014375,0.012193,17.057475,0.057725
1500,A15,512kB,64,"hp",128kB,16,"hp",True,False,2MB,8,"hp",1.1378608766e-05,0.02473,460113577.275,11235829.0,832.0,0.003505,8396285.0,288214.0,1.064926,43205.0,46197.0,2.81466,28798380.0,63501978.075,31862250.0,85115188.5,29915828.1,16787635.2,2349386.4,2686707.0,171397296.0,27693432.0,5.12695,3.674292,5e-05,0.0,0.939725,0.523779,5e-05,0.0,0.014375,0.012189,17.057475,0.057377
1500,A15,512kB,16,"hp",128kB,4,"hp",True,False,2MB,16,"hp",8.27258838237e-06,0.018696,442479053.4,11432550.0,886.0,0.003064,8397926.0,302576.0,1.034922,44689.0,46853.0,2.750199,25606620.0,46190130.45,33531225.0,85814155.5,24706396.95,17671046.4,2168071.2,1983177.0,174748896.0,30057768.0,3.314132,1.538991,3.8e-05,0.0,0.675165,0.508261,3.8e-05,0.0,0.010925,0.012194,12.991117,0.059269
1500,A15,512kB,32,"hp",128kB,4,"hp",True,False,2MB,16,"hp",8.35209390323e-06,0.018687,446946749.25,11432502.0,886.0,0.003101,8401333.0,299060.0,1.032971,42378.0,47003.0,2.763849,25920960.0,46141650.15,33845385.0,89221633.5,24151697.1,17831923.2,2159176.8,2028712.5,175154616.0,30488328.0,3.567725,2.305519,3.8e-05,0.0,0.675165,0.508312,3.8e-05,0.0,0.010925,0.012194,12.991117,0.058208
1500,A15,512kB,64,"hp",128kB,4,"hp",True,False,2MB,16,"hp",8.42811328319e-06,0.018707,450532596.525,11436265.0,887.0,0.003096,8409258.0,295344.0,1.018712,42266.0,47162.0,2.778326,26307840.0,46201739.175,34107780.0,90223575.0,24244268.25,17970220.8,2199772.8,2146851.0,175908432.0,31199688.0,3.896482,3.683356,3.8e-05,0.0,0.675165,0.50837,3.8e-05,0.0,0.010925,0.012192,12.991117,0.057844
1500,A15,512kB,16,"hp",128kB,8,"hp",True,False,2MB,16,"hp",1.17209702649e-05,0.024752,473536290.6,11231208.0,819.0,0.003422,8385737.0,292532.0,1.086228,44786.0,46712.0,2.777507,29475420.0,63351980.1,33827535.0,89360994.0,29986175.1,17823456.0,2436494.4,2711614.5,174587784.0,29969784.0,4.3607,1.532574,5e-05,0.0,0.8601,0.513328,5e-05,0.0,0.014375,0.012185,17.093575,0.058051
1500,A15,512kB,32,"hp",128kB,8,"hp",True,False,2MB,16,"hp",1.17489745636e-05,0.024747,474763590.075,11231182.0,820.0,0.003467,8388693.0,289350.0,1.082474,42495.0,46852.0,2.78868,29523780.0,63321659.325,33961410.0,90024496.5,29331771.15,17897779.2,2439350.4,2827503.0,175011144.0,30422808.0,4.694375,2.295531,5e-05,0.0,0.8601,0.51335,5e-05,0.0,0.014375,0.012185,17.093575,0.056883
1500,A15,512kB,64,"hp",128kB,8,"hp",True,False,2MB,16,"hp",1.18938061377e-05,0.024762,480324938.925,11235582.0,831.0,0.003517,8395849.0,288658.0,1.071969,42331.0,47071.0,2.817484,30297540.0,63398856.375,34346970.0,92236227.0,29367927.15,18095347.2,2494063.2,3099577.5,175840224.0,31128552.0,5.12695,3.669164,5e-05,0.0,0.8601,0.513486,5e-05,0.0,0.014375,0.012183,17.093575,0.056685
1500,A15,512kB,16,"hp",128kB,16,"hp",True,False,2MB,16,"hp",1.17209702649e-05,0.024752,473536290.6,11231208.0,819.0,0.003422,8385737.0,292532.0,1.086228,44786.0,46712.0,2.777507,29475420.0,63351980.1,33827535.0,89360994.0,29986175.1,17823456.0,2436494.4,2711614.5,174587784.0,29969784.0,4.3607,1.532574,5e-05,0.0,0.939725,0.523308,5e-05,0.0,0.014375,0.012185,17.093575,0.058051
1500,A15,512kB,32,"hp",128kB,16,"hp",True,False,2MB,16,"hp",1.17489745636e-05,0.024747,474763590.075,11231182.0,820.0,0.003467,8388693.0,289350.0,1.082474,42495.0,46852.0,2.78868,29523780.0,63321659.325,33961410.0,90024496.5,29331771.15,17897779.2,2439350.4,2827503.0,175011144.0,30422808.0,4.694375,2.295531,5e-05,0.0,0.939725,0.52333,5e-05,0.0,0.014375,0.012185,17.093575,0.056883
1500,A15,512kB,64,"hp",128kB,16,"hp",True,False,2MB,16,"hp",1.18938061377e-05,0.024762,480324938.925,11235582.0,831.0,0.003517,8395849.0,288658.0,1.071969,42331.0,47071.0,2.817484,30297540.0,63398856.375,34346970.0,92236227.0,29367927.15,18095347.2,2494063.2,3099577.5,175840224.0,31128552.0,5.12695,3.669164,5e-05,0.0,0.939725,0.523469,5e-05,0.0,0.014375,0.012183,17.093575,0.056685
1500,A15,512kB,16,"hp",128kB,4,"hp",True,False,2MB,32,"hp",8.41472355687e-06,0.018721,449480452.8,11432444.0,886.0,0.003081,8397744.0,302814.0,1.038296,44211.0,47329.0,2.739753,24421800.0,46512493.95,36431850.0,86042094.0,23008243.95,19195142.4,1975944.0,1692792.0,177898224.0,32300424.0,3.314132,1.53741,3.8e-05,0.0,0.675165,0.508042,3.8e-05,0.0,0.010925,0.012188,13.085794,0.05934
1500,A15,512kB,32,"hp",128kB,4,"hp",True,False,2MB,32,"hp",8.45015725881e-06,0.01871,451638549.375,11432406.0,886.0,0.003109,8401218.0,299229.0,1.035857,42002.0,47379.0,2.745347,24736140.0,46517625.375,36794205.0,87183118.5,22961850.3,19386124.8,2019926.4,1787652.0,177907632.0,32341608.0,3.567725,2.303237,3.8e-05,0.0,0.675165,0.508102,3.8e-05,0.0,0.010925,0.012189,13.085794,0.058296
1500,A15,512kB,64,"hp",128kB,4,"hp",True,False,2MB,32,"hp",8.49035636186e-06,0.01872,453544677.45,11436121.0,887.0,0.003115,8409622.0,295057.0,1.020046,42116.0,47316.0,2.73404,25195560.0,46721703.15,36638910.0,88515007.5,22781148.9,19307097.6,2094508.8,1981507.5,177909984.0,32386536.0,3.896482,3.681292,3.8e-05,0.0,0.675165,0.508246,3.8e-05,0.0,0.010925,0.012189,13.085794,0.058246
1500,A15,512kB,16,"hp",128kB,8,"hp",True,False,2MB,32,"hp",1.1861588199e-05,0.024785,478579310.025,11230900.0,820.0,0.003438,8385860.0,292327.0,1.087923,44366.0,47126.0,2.754751,28024620.0,63775569.525,36696030.0,87714309.0,28399869.9,19337203.2,2264726.4,2373327.0,177773568.0,32214312.0,4.3607,1.530664,5e-05,0.0,0.8601,0.513052,5e-05,0.0,0.014375,0.01218,17.21815,0.057952
1500,A15,512kB,32,"hp",128kB,8,"hp",True,False,2MB,32,"hp",1.18624208734e-05,0.024765,478999429.575,11230923.0,820.0,0.003469,8388170.0,289777.0,1.085591,42107.0,47238.0,2.769526,28193880.0,63770633.025,36672825.0,87766812.0,28365580.65,19324972.8,2287737.6,2476305.0,177813552.0,32320080.0,4.694375,2.293958,5e-05,0.0,0.8601,0.513198,5e-05,0.0,0.014375,0.012185,17.21815,0.057191
1500,A15,512kB,16,"hp",128kB,8,"hp",True,False,2MB,32,"hp",1.1861588199e-05,0.024785,478579310.025,11230900.0,820.0,0.003438,8385860.0,292327.0,1.087923,44366.0,47126.0,2.754751,28024620.0,63775569.525,36696030.0,87714309.0,28399869.9,19337203.2,2264726.4,2373327.0,177773568.0,32214312.0,4.3607,1.530664,5e-05,0.0,0.8601,0.513052,5e-05,0.0,0.014375,0.01218,17.21815,0.057952
1500,A15,512kB,32,"hp",128kB,16,"hp",True,False,2MB,32,"hp",1.18624208734e-05,0.024765,478999429.575,11230923.0,820.0,0.003469,8388170.0,289777.0,1.085591,42107.0,47238.0,2.769526,28193880.0,63770633.025,36672825.0,87766812.0,28365580.65,19324972.8,2287737.6,2476305.0,177813552.0,32320080.0,4.694375,2.293958,5e-05,0.0,0.939725,0.523173,5e-05,0.0,0.014375,0.012185,17.21815,0.057191
1500,A15,512kB,64,"hp",128kB,16,"hp",True,False,2MB,32,"hp",1.19295148337e-05,0.024777,481475353.5,11235281.0,832.0,0.003524,8395724.0,288738.0,1.074466,42154.0,47248.0,2.788356,28604940.0,63852657.3,36887025.0,89493805.5,27904807.8,19435046.4,2330169.6,2689411.5,177860592.0,32410872.0,5.12695,3.667034,5e-05,0.0,0.939725,0.523331,5e-05,0.0,0.014375,0.01218,17.21815,0.057066
1500,A15,512kB,16,"hp",128kB,16,"hp",True,False,2MB,32,"hp",1.1861588199e-05,0.024785,478579310.025,11230900.0,820.0,0.003438,8385860.0,292327.0,1.087923,44366.0,47126.0,2.754751,28024620.0,63775569.525,36696030.0,87714309.0,28399869.9,19337203.2,2264726.4,2373327.0,177773568.0,32214312.0,4.3607,1.530664,5e-05,0.0,0.939725,0.523027,5e-05,0.0,0.014375,0.01218,17.21815,0.057952
1500,A15,512kB,1,"hp",128kB,4,"hp",True,False,2MB,8,"hp",7.40480459836e-06,0.018599,398129178.9,11432005.0,886.0,0.003093,8404106.0,296159.0,1.020338,45658.0,44583.0,2.841399,23454600.0,46083764.7,27146280.0,71914402.5,26215536.6,14303923.2,1938326.4,1529950.5,164217816.0,21315528.0,3.173646,1.175189,3.8e-05,0.0,0.675165,0.509118,3.8e-05,0.0,0.010925,0.01221,12.963681,0.061225
1500,A15,512kB,2,"hp",128kB,4,"hp",True,False,2MB,8,"hp",7.65750129326e-06,0.018649,410611898.4,11432278.0,885.0,0.003064,8396014.0,304077.0,1.034971,47445.0,45634.0,2.705184,23043540.0,46274957.4,28938420.0,74280589.5,25211893.2,15246604.8,1949016.0,1327770.0,169139376.0,25197120.0,3.196522,1.18465,3.8e-05,0.0,0.675165,0.508682,3.8e-05,0.0,0.010925,0.0122,12.963681,0.061322
1500,A15,512kB,4,"hp",128kB,4,"hp",True,False,2MB,8,"hp",7.83621106195e-06,0.018662,419901996.675,11432190.0,886.0,0.003075,8396822.0,303364.0,1.031615,47010.0,45922.0,2.749429,24059100.0,46100299.575,30207555.0,78176911.5,25510376.7,15919276.8,1988877.6,1526220.0,170304792.0,26105976.0,3.216225,1.178085,3.8e-05,0.0,0.675165,0.50859,3.8e-05,0.0,0.010925,0.012198,12.963681,0.060946
1500,A15,512kB,8,"hp",128kB,4,"hp",True,False,2MB,8,"hp",7.93582509615e-06,0.018666,425148671.175,11432668.0,885.0,0.003039,8390435.0,310115.0,1.042475,49921.0,46042.0,2.72202,24760320.0,46142371.125,30650235.0,81063244.5,25400945.85,16152595.2,2094468.0,1718806.5,170635248.0,26529048.0,3.204749,1.199632,3.8e-05,0.0,0.675165,0.508584,3.8e-05,0.0,0.010925,0.012199,12.963681,0.062595
1500,A15,512kB,2,"hp",128kB,4,"hp",True,False,2MB,2,"hp",8.37589435502e-06,0.018734,447095887.425,11432957.0,889.0,0.003031,8395906.0,304259.0,1.021621,47391.0,45687.0,2.92389,26307840.0,44905987.725,31833690.0,88382973.0,27651755.1,16771641.6,2101118.4,1497690.0,169614480.0,38025000.0,3.196522,1.180992,3.8e-05,0.0,0.675165,0.508066,3.8e-05,0.0,0.010925,0.012185,12.864558,0.058799
1500,A15,512kB,2,"hp",128kB,4,"hp",True,False,2MB,4,"hp",7.98209922819e-06,0.01866,427765231.95,11432748.0,887.0,0.003078,8395846.0,304309.0,1.032525,47512.0,45570.0,2.802385,26017680.0,45498849.3,30052260.0,83822982.0,26858700.75,15831782.4,2108748.0,1896210.0,167535312.0,28125864.0,3.196522,1.184251,3.8e-05,0.0,0.675165,0.50863,3.8e-05,0.0,0.010925,0.0122,12.832733,0.060807
1500,A15,512kB,2,"hp",128kB,4,"hp",True,False,2MB,8,"hp",7.65750129326e-06,0.018649,410611898.4,11432278.0,885.0,0.003064,8396014.0,304077.0,1.034971,47445.0,45634.0,2.705184,23043540.0,46274957.4,28938420.0,74280589.5,25211893.2,15246604.8,1949016.0,1327770.0,169139376.0,25197120.0,3.196522,1.18465,3.8e-05,0.0,0.675165,0.508682,3.8e-05,0.0,0.010925,0.0122,12.963681,0.061322
1500,A15,512kB,2,"hp",128kB,4,"hp",True,False,2MB,16,"hp",7.93302120196e-06,0.018691,424430003.85,11432200.0,887.0,0.003074,8396182.0,304018.0,1.034426,46698.0,46383.0,2.732776,23140260.0,46241649.9,31844400.0,76881708.0,24815572.35,16779168.0,1819761.6,1272285.0,173131896.0,28495584.0,3.196522,1.182542,3.8e-05,0.0,0.675165,0.508305,3.8e-05,0.0,0.010925,0.012192,12.991117,0.060362
1500,A15,512kB,2,"hp",128kB,4,"hp",True,False,2MB,32,"hp",8.17868103584e-06,0.018733,436592165.475,11432197.0,887.0,0.003067,8395749.0,304437.0,1.034173,45992.0,47089.0,2.78433,22680840.0,46523002.725,35464380.0,78458074.5,23519065.35,18688051.2,1724575.2,1186029.0,176968008.0,31377528.0,3.196522,1.180685,3.8e-05,0.0,0.675165,0.50798,3.8e-05,0.0,0.010925,0.012187,13.085794,0.060054
1500,A15,512kB,2,"hp",128kB,4,"hp",True,False,4MB,2,"hp",5.72106210933e-06,0.018231,313809561.15,11431732.0,885.0,0.003515,8395337.0,305460.0,1.098396,53412.0,39667.0,2.116353,17312880.0,47575756.95,17485860.0,55653624.0,19351791.6,9209491.2,1579898.4,906849.0,144727968.0,0.0,3.196522,1.219921,3.8e-05,0.0,0.675165,0.514871,3.8e-05,0.0,0.010925,0.012322,26.79513,0.171372
1500,A15,512kB,2,"hp",128kB,4,"hp",True,False,4MB,4,"hp",5.72082144919e-06,0.018231,313796360.55,11431732.0,885.0,0.003515,8395345.0,305453.0,1.098326,53425.0,39655.0,2.115546,17312880.0,47575756.95,17484075.0,55648573.5,19351555.8,9208550.4,1581734.4,906880.5,144720912.0,0.0,3.196522,1.219939,3.8e-05,0.0,0.675165,0.514875,3.8e-05,0.0,0.010925,0.012323,26.79646,0.171222
1500,A15,512kB,2,"hp",128kB,4,"hp",True,False,4MB,8,"hp",5.72082144919e-06,0.018231,313796360.55,11431732.0,885.0,0.003515,8395345.0,305453.0,1.098326,53425.0,39655.0,2.115546,17312880.0,47575756.95,17484075.0,55648573.5,19351555.8,9208550.4,1581734.4,906880.5,144720912.0,0.0,3.196522,1.219939,3.8e-05,0.0,0.675165,0.514875,3.8e-05,0.0,0.010925,0.012323,26.80444,0.170959
1500,A15,512kB,2,"hp",128kB,4,"hp",True,False,4MB,16,"hp",5.73612376692e-06,0.018254,314239277.25,11431720.0,887.0,0.003467,8395250.0,305540.0,1.092671,53471.0,39609.0,2.115103,17482140.0,47500378.8,17450160.0,55778721.0,19595078.25,9196320.0,1586059.2,925677.0,144720912.0,0.0,3.196522,1.218088,3.8e-05,0.0,0.675165,0.514541,3.8e-05,0.0,0.010925,0.012317,27.01287,0.16997
1500,A15,512kB,2,"hp",128kB,4,"hp",True,False,4MB,32,"hp",5.73612376692e-06,0.018254,314239277.25,11431720.0,887.0,0.003467,8395250.0,305540.0,1.092671,53471.0,39609.0,2.115103,17482140.0,47500378.8,17450160.0,55778721.0,19595078.25,9196320.0,1586059.2,925677.0,144720912.0,0.0,3.196522,1.218088,3.8e-05,0.0,0.675165,0.514541,3.8e-05,0.0,0.010925,0.012317,25.93652,0.165883
1500,A15,512kB,2,"hp",128kB,4,"hp",True,False,8MB,2,"hp",5.73612376692e-06,0.018254,314239277.25,11431720.0,887.0,0.003467,8395250.0,305540.0,1.092671,53471.0,39609.0,2.115103,17482140.0,47500378.8,17450160.0,55778721.0,19595078.25,9196320.0,1586059.2,925677.0,144720912.0,0.0,3.196522,1.218088,3.8e-05,0.0,0.675165,0.514541,3.8e-05,0.0,0.010925,0.012317,51.31577,0.104485
1500,A15,512kB,2,"hp",128kB,4,"hp",True,False,8MB,4,"hp",5.73612376692e-06,0.018254,314239277.25,11431720.0,887.0,0.003467,8395250.0,305540.0,1.092671,53471.0,39609.0,2.115103,17482140.0,47500378.8,17450160.0,55778721.0,19595078.25,9196320.0,1586059.2,925677.0,144720912.0,0.0,3.196522,1.218088,3.8e-05,0.0,0.675165,0.514541,3.8e-05,0.0,0.010925,0.012317,51.31881,0.104406
1500,A15,512kB,2,"hp",128kB,4,"hp",True,False,8MB,8,"hp",5.73612376692e-06,0.018254,314239277.25,11431720.0,887.0,0.003467,8395250.0,305540.0,1.092671,53471.0,39609.0,2.115103,17482140.0,47500378.8,17450160.0,55778721.0,19595078.25,9196320.0,1586059.2,925677.0,144720912.0,0.0,3.196522,1.218088,3.8e-05,0.0,0.675165,0.514541,3.8e-05,0.0,0.010925,0.012317,51.33059,0.104394
1500,A15,512kB,2,"hp",128kB,4,"hp",True,False,8MB,16,"hp",5.73612376692e-06,0.018254,314239277.25,11431720.0,887.0,0.003467,8395250.0,305540.0,1.092671,53471.0,39609.0,2.115103,17482140.0,47500378.8,17450160.0,55778721.0,19595078.25,9196320.0,1586059.2,925677.0,144720912.0,0.0,3.196522,1.218088,3.8e-05,0.0,0.675165,0.514541,3.8e-05,0.0,0.010925,0.012317,51.37448,0.104958
1500,A15,512kB,2,"hp",128kB,4,"hp",True,False,8MB,32,"hp",5.73612376692e-06,0.018254,314239277.25,11431720.0,887.0,0.003467,8395250.0,305540.0,1.092671,53471.0,39609.0,2.115103,17482140.0,47500378.8,17450160.0,55778721.0,19595078.25,9196320.0,1586059.2,925677.0,144720912.0,0.0,3.196522,1.218088,3.8e-05,0.0,0.675165,0.514541,3.8e-05,0.0,0.010925,0.012317,51.86639,0.107958
1500,A15,128kB,2,"hp",16kB,4,"hp",True,False,4MB,32,"hp",5.74167049806e-06,0.018246,314681053.275,11419459.0,1224.0,0.006142,8163171.0,536942.0,1.577234,156230.0,39657.0,1.868276,17772300.0,47520833.175,17503710.0,55770729.0,19429605.6,9222662.4,1643709.6,1130301.0,144680928.0,0.0,0.845519,0.400823,3.8e-05,0.0,0.088293,0.126992,3.8e-05,0.0,0.010925,0.012318,25.93652,0.286873
1500,A15,128kB,2,"hp",32kB,4,"hp",True,False,4MB,32,"hp",5.73791952497e-06,0.018245,314492711.7,11419972.0,960.0,0.004332,8163607.0,536521.0,1.575818,156071.0,39553.0,1.869252,17699760.0,47598901.95,17484075.0,55575036.0,19419171.45,9211372.8,1687488.0,1104039.0,144702096.0,0.0,0.845519,0.400886,3.8e-05,0.0,0.175484,0.201316,3.8e-05,0.0,0.010925,0.012318,25.93652,0.286564
1500,A15,128kB,2,"hp",64kB,4,"hp",True,False,4MB,32,"hp",5.7372622731e-06,0.018244,314473924.2,11420078.0,894.0,0.003595,8163638.0,536494.0,1.57579,156006.0,39554.0,1.871093,17699760.0,47598901.95,17484075.0,55570596.0,19387417.05,9213254.4,1696912.8,1107787.5,144704448.0,0.0,0.845519,0.400888,3.8e-05,0.0,0.34637,0.35286,3.8e-05,0.0,0.010925,0.012318,25.93652,0.286318
1500,A15,128kB,2,"hp",128kB,4,"hp",True,False,4MB,32,"hp",5.7372779894e-06,0.018244,314474785.65,11420093.0,884.0,0.003495,8163639.0,536494.0,1.575789,155996.0,39554.0,1.871315,17699760.0,47598901.95,17484075.0,55570818.0,19388222.7,9213254.4,1696953.6,1107580.5,144704448.0,0.0,0.845519,0.400888,3.8e-05,0.0,0.675165,0.514163,3.8e-05,0.0,0.010925,0.012318,25.93652,0.286289
1500,A15,128kB,2,"hp",256kB,4,"hp",True,False,4MB,32,"hp",8.32919521985e-06,0.024301,342751130.4,11219984.0,814.0,0.00369,8149719.0,528638.0,1.809848,156215.0,39304.0,1.92352,20964060.0,64735965.75,17616165.0,57525028.5,24464230.35,9280992.0,1825432.8,1667124.0,144671520.0,0.0,1.112525,0.398479,5e-05,0.0,1.6668,0.814239,5e-05,0.0,0.014375,0.012306,34.127,0.280932
1500,A15,256kB,2,"hp",16kB,4,"hp",True,False,4MB,32,"hp",5.7623162668e-06,0.018274,315328678.275,11430515.0,1232.0,0.005906,8224755.0,478405.0,1.447797,134350.0,39665.0,1.883032,17699760.0,47689451.175,17475150.0,55895326.5,20006844.0,9207609.6,1696668.0,941301.0,144699744.0,0.0,1.609053,0.648879,3.8e-05,0.0,0.088293,0.127022,3.8e-05,0.0,0.010925,0.012311,25.93652,0.258868
1500,A15,256kB,2,"hp",32kB,4,"hp",True,False,4MB,32,"hp",5.76032490228e-06,0.018272,315254208.75,11430973.0,964.0,0.00422,8224954.0,478221.0,1.447318,134147.0,39603.0,1.887454,17748120.0,47636602.8,17466225.0,55949383.5,19882400.55,9203846.4,1635060.0,998923.5,144723264.0,0.0,1.609053,0.64901,3.8e-05,0.0,0.175484,0.201365,3.8e-05,0.0,0.010925,0.012313,25.93652,0.258635
1500,A15,256kB,2,"hp",64kB,4,"hp",True,False,4MB,32,"hp",5.75707069405e-06,0.018273,315058867.95,11431116.0,897.0,0.003518,8225064.0,478118.0,1.446402,134120.0,39565.0,1.88762,17748120.0,47755773.9,17460870.0,55706071.5,19698948.15,9201964.8,1677981.6,1057734.0,144735024.0,0.0,1.609053,0.649,3.8e-05,0.0,0.34637,0.35295,3.8e-05,0.0,0.010925,0.012314,25.93652,0.258417
1500,A15,256kB,2,"hp",128kB,4,"hp",True,False,4MB,32,"hp",5.75708923384e-06,0.018273,315059882.55,11431132.0,887.0,0.003415,8225065.0,478118.0,1.446401,134109.0,39565.0,1.887854,17748120.0,47755773.9,17460870.0,55706626.5,19699655.55,9201964.8,1677940.8,1057527.0,144735024.0,0.0,1.609053,0.649001,3.8e-05,0.0,0.675165,0.514301,3.8e-05,0.0,0.010925,0.012314,25.93652,0.258385
1500,A15,256kB,2,"hp",256kB,4,"hp",True,False,4MB,32,"hp",8.34488654698e-06,0.02432,343128558.675,11230681.0,823.0,0.003709,8221063.0,458667.0,1.609401,134383.0,39254.0,1.940058,21012420.0,64769767.275,17700060.0,57664167.0,24469123.2,9326150.4,1820904.0,1682442.0,144683280.0,0.0,2.117175,0.645276,5e-05,0.0,1.6668,0.814605,5e-05,0.0,0.014375,0.0123,34.127,0.253669
1500,A15,512kB,2,"hp",16kB,4,"hp",True,False,4MB,32,"hp",5.72945944129e-06,0.018256,313839802.875,11431124.0,1232.0,0.006079,8395205.0,305562.0,1.092868,53851.0,39568.0,2.106673,17506320.0,47469088.125,17382330.0,55612720.5,19392801.15,9158688.0,1619841.6,996790.5,144697392.0,0.0,3.196522,1.217905,3.8e-05,0.0,0.088293,0.127086,3.8e-05,0.0,0.010925,0.012316,25.93652,0.166454
1500,A15,512kB,2,"hp",32kB,4,"hp",True,False,4MB,32,"hp",5.74510383845e-06,0.01826,314627811.525,11431601.0,964.0,0.004311,8395341.0,305453.0,1.09271,53563.0,39593.0,2.112604,17530500.0,47519850.225,17580465.0,55958041.5,19522078.5,9264057.6,1585447.2,956740.5,144706800.0,0.0,3.196522,1.217688,3.8e-05,0.0,0.175484,0.201431,3.8e-05,0.0,0.010925,0.012317,25.93652,0.165642
1500,A15,512kB,2,"hp",64kB,4,"hp",True,False,4MB,32,"hp",5.73611482155e-06,0.018254,314238787.2,11431704.0,897.0,0.003577,8395249.0,305540.0,1.092672,53482.0,39609.0,2.114859,17482140.0,47500378.8,17450160.0,55778166.0,19595333.7,9196320.0,1585855.2,925690.5,144720912.0,0.0,3.196522,1.218087,3.8e-05,0.0,0.34637,0.353116,3.8e-05,0.0,0.010925,0.012317,25.93652,0.165916
1500,A15,512kB,2,"hp",128kB,4,"hp",True,False,4MB,32,"hp",5.73612376692e-06,0.018254,314239277.25,11431720.0,887.0,0.003467,8395250.0,305540.0,1.092671,53471.0,39609.0,2.115103,17482140.0,47500378.8,17450160.0,55778721.0,19595078.25,9196320.0,1586059.2,925677.0,144720912.0,0.0,3.196522,1.218088,3.8e-05,0.0,0.675165,0.514541,3.8e-05,0.0,0.010925,0.012317,25.93652,0.165883
1500,A15,512kB,2,"hp",256kB,4,"hp",True,False,4MB,32,"hp",8.31995376166e-06,0.02431,342244087.275,11229797.0,823.0,0.003745,8379786.0,298618.0,1.160016,53580.0,39443.0,2.11886,20770620.0,64718017.275,17616165.0,57216504.0,24643929.6,9281932.8,1796056.8,1538505.0,144662112.0,0.0,4.20595,1.210692,5e-05,0.0,1.6668,0.814719,5e-05,0.0,0.014375,0.012301,34.127,0.160457
1500,A15,128kB,2,"hp",16kB,4,"hp",True,False,4MB,2,"hp",5.78384890688e-06,0.018242,317062213.95,11419439.0,1229.0,0.006393,8162654.0,537434.0,1.581317,155871.0,40011.0,1.889715,17675580.0,47479210.65,17860710.0,56375845.5,19804331.1,9407059.2,1584060.0,951682.5,145385352.0,536328.0,0.845519,0.4001,3.8e-05,0.0,0.088293,0.126896,3.8e-05,0.0,0.010925,0.012309,26.79513,0.289584
1500,A15,128kB,2,"hp",32kB,4,"hp",True,False,4MB,2,"hp",5.75469038478e-06,0.018231,315654126.75,11419928.0,964.0,0.004514,8162958.0,537176.0,1.580862,155839.0,39782.0,1.884032,17651400.0,47533643.1,17700060.0,55919691.0,19645618.05,9327091.2,1564802.4,1006614.0,145027848.0,274248.0,0.845519,0.400846,3.8e-05,0.0,0.175484,0.201306,3.8e-05,0.0,0.010925,0.012318,26.79513,0.29186
1500,A15,128kB,2,"hp",64kB,4,"hp",True,False,4MB,2,"hp",5.73373740458e-06,0.018224,314625625.8,11420093.0,896.0,0.003683,8162983.0,537158.0,1.581207,155880.0,39679.0,1.878854,17603040.0,47533643.1,17505495.0,55734265.5,19623472.5,9221721.6,1549257.6,1003671.0,144786768.0,59904.0,0.845519,0.40139,3.8e-05,0.0,0.34637,0.353056,3.8e-05,0.0,0.010925,0.012324,26.79513,0.29378
1500,A15,128kB,2,"hp",128kB,4,"hp",True,False,4MB,2,"hp",5.72821726648e-06,0.018223,314339969.625,11420104.0,883.0,0.003522,8162992.0,537150.0,1.581168,155893.0,39656.0,1.877547,17578860.0,47533646.925,17453730.0,55641247.5,19623708.3,9191616.0,1570718.4,1004346.0,144737376.0,0.0,0.845519,0.401502,3.8e-05,0.0,0.675165,0.514508,3.8e-05,0.0,0.010925,0.012325,26.79513,0.294186
1500,A15,128kB,2,"hp",256kB,4,"hp",True,False,4MB,2,"hp",8.30253319251e-06,0.024279,341963556.675,11220111.0,813.0,0.003711,8149916.0,528472.0,1.815934,156156.0,39363.0,1.93793,20794800.0,64821101.475,17612595.0,56494893.0,24811386.9,9279110.4,1855706.4,1570815.0,144716208.0,0.0,1.112525,0.398989,5e-05,0.0,1.6668,0.814702,5e-05,0.0,0.014375,0.012313,35.25675,0.288281
1500,A15,256kB,2,"hp",16kB,4,"hp",True,False,4MB,2,"hp",5.78711208463e-06,0.018261,316911017.175,11430469.0,1235.0,0.006179,8224064.0,479089.0,1.454475,133939.0,40070.0,1.912997,17675580.0,47582111.325,17871420.0,56052114.0,19768155.45,9411763.2,1644403.2,983214.0,145383000.0,538200.0,1.609053,0.648043,3.8e-05,0.0,0.088293,0.126956,3.8e-05,0.0,0.010925,0.012305,26.79513,0.261839
1500,A15,256kB,2,"hp",32kB,4,"hp",True,False,4MB,2,"hp",5.76257187712e-06,0.018252,315722763.375,11431000.0,967.0,0.00439,8224214.0,478961.0,1.454072,133830.0,39917.0,1.908911,17627220.0,47583327.675,17685780.0,55878621.0,19741254.6,9317683.2,1606826.4,972058.5,145038432.0,270504.0,1.609053,0.649192,3.8e-05,0.0,0.175484,0.201393,3.8e-05,0.0,0.010925,0.012314,26.79513,0.26402
1500,A15,256kB,2,"hp",64kB,4,"hp",True,False,4MB,2,"hp",5.7418522443e-06,0.018245,314708262.225,11431149.0,897.0,0.00359,8224242.0,478943.0,1.454233,133872.0,39812.0,1.904284,17578860.0,47583327.675,17526915.0,55626096.0,19691284.65,9233952.0,1625798.4,977836.5,144803232.0,59904.0,1.609053,0.649925,3.8e-05,0.0,0.34637,0.353172,3.8e-05,0.0,0.010925,0.012319,26.79513,0.26554
1500,A15,256kB,2,"hp",128kB,4,"hp",True,False,4MB,2,"hp",5.73582606128e-06,0.018243,314412435.525,11431175.0,885.0,0.003445,8224242.0,478947.0,1.454548,133884.0,39789.0,1.90317,17554680.0,47583327.675,17457300.0,55593129.0,19672027.65,9193497.6,1627185.6,976392.0,144753840.0,0.0,1.609053,0.650201,3.8e-05,0.0,0.675165,0.514711,3.8e-05,0.0,0.010925,0.01232,26.79513,0.266186
1500,A15,256kB,2,"hp",256kB,4,"hp",True,False,4MB,2,"hp",8.32391506342e-06,0.024299,342562042.2,11230735.0,821.0,0.003724,8221154.0,458568.0,1.615976,134122.0,39514.0,1.958432,20843160.0,64767844.95,17744685.0,56922520.5,24915276.45,9349670.4,1738406.4,1550551.5,144723264.0,0.0,2.117175,0.646075,5e-05,0.0,1.6668,0.815043,5e-05,0.0,0.014375,0.012305,35.25675,0.260464
1500,A15,512kB,2,"hp",16kB,4,"hp",True,False,4MB,2,"hp",5.75742046141e-06,0.018242,315613444.875,11431065.0,1237.0,0.006417,8395229.0,305534.0,1.098107,53506.0,39910.0,2.12349,17385420.0,47575791.375,17730405.0,55941558.0,19432002.9,9338380.8,1578184.8,903595.5,145281864.0,440856.0,3.196522,1.216787,3.8e-05,0.0,0.088293,0.127037,3.8e-05,0.0,0.010925,0.012312,26.79513,0.168216
1500,A15,512kB,2,"hp",32kB,4,"hp",True,False,4MB,2,"hp",5.7447257266e-06,0.018239,314969336.4,11431553.0,969.0,0.004542,8395300.0,305476.0,1.098064,53374.0,39780.0,2.121759,17361240.0,47575756.95,17694705.0,55913863.5,19421254.35,9318624.0,1552725.6,900621.0,144980808.0,244296.0,3.196522,1.218138,3.8e-05,0.0,0.175484,0.201464,3.8e-05,0.0,0.010925,0.012316,26.79513,0.169373
1500,A15,512kB,2,"hp",64kB,4,"hp",True,False,4MB,2,"hp",5.72602661798e-06,0.018233,314047420.5,11431713.0,897.0,0.003669,8395332.0,305463.0,1.098437,53402.0,39688.0,2.117457,17337060.0,47575756.95,17525130.0,55684482.0,19373937.15,9233952.0,1586834.4,902538.0,144777360.0,44928.0,3.196522,1.219621,3.8e-05,0.0,0.34637,0.353309,3.8e-05,0.0,0.010925,0.012321,26.79513,0.171028
1500,A15,512kB,2,"hp",128kB,4,"hp",True,False,4MB,2,"hp",5.72106210933e-06,0.018231,313809561.15,11431732.0,885.0,0.003515,8395337.0,305460.0,1.098396,53412.0,39667.0,2.116353,17312880.0,47575756.95,17485860.0,55653624.0,19351791.6,9209491.2,1579898.4,906849.0,144727968.0,0.0,3.196522,1.219921,3.8e-05,0.0,0.675165,0.514871,3.8e-05,0.0,0.010925,0.012322,26.79513,0.171372
1500,A15,512kB,2,"hp",256kB,4,"hp",True,False,4MB,2,"hp",8.30709543828e-06,0.024295,341926134.525,11229796.0,821.0,0.003736,8380581.0,297805.0,1.161279,53511.0,39511.0,2.122949,20625540.0,64746291.675,17762535.0,56864523.0,24661437.75,9359078.4,1720699.2,1486678.5,144692688.0,0.0,4.20595,1.21181,5e-05,0.0,1.6668,0.815039,5e-05,0.0,0.014375,0.012307,35.25675,0.164991
1500,A15,128kB,2,"hp",32kB,4,"hp",True,True,4MB,32,"hp",5.70126193687e-06,0.018037,316087039.8,11420184.0,960.0,0.013009,8196885.0,503159.0,1.460366,168810.0,26814.0,1.311925,16248960.0,49354572.9,18887085.0,56239204.5,18179708.4,9948019.2,1835632.8,516379.5,144760896.0,0.0,0.845519,0.405302,3.8e-05,0.0,0.175484,0.202552,3.8e-05,0.0,0.010925,0.012357,25.93652,0.299832
1500,A15,128kB,2,"hp",32kB,4,"hp",True,True,4MB,32,"lop",5.71214901942e-06,0.018049,316480083.075,11419498.0,961.0,0.010484,8115151.0,581767.0,1.652636,168848.0,26776.0,1.289993,16321500.0,49266937.275,18928140.0,56503939.5,18286958.1,9969657.6,1802176.8,510457.5,144760896.0,0.0,0.845519,0.404792,3.8e-05,0.0,0.175484,0.202365,3.8e-05,0.0,0.010925,0.012358,9.116219,0.066665
1500,A15,128kB,2,"hp",32kB,4,"lop",True,True,4MB,32,"hp",8.32759698301e-06,0.024148,344856591.975,11219403.0,874.0,0.005159,8188908.0,489436.0,1.692436,169968.0,25613.0,1.190663,20141940.0,64321356.675,19126275.0,58035684.0,25742836.2,10076908.8,1843996.8,848686.5,144713856.0,0.0,1.112525,0.401646,5e-05,0.0,0.0816,0.113967,5e-05,0.0,0.014375,0.012338,34.127,0.292665
1500,A15,128kB,2,"hp",32kB,4,"lop",True,True,4MB,32,"lop",8.33417270916e-06,0.024152,345071741.85,11220130.0,874.0,0.00508,8176958.0,498126.0,1.721686,169995.0,25584.0,1.189136,20141940.0,64372749.9,19226235.0,57940557.0,25912789.05,10126771.2,1809194.4,832108.5,144709152.0,0.0,1.112525,0.401353,5e-05,0.0,0.0816,0.113958,5e-05,0.0,0.014375,0.012335,11.995025,0.065035
1500,A15,128kB,2,"lop",32kB,4,"hp",True,True,4MB,32,"hp",5.71929421458e-06,0.018068,316542739.35,11430822.0,963.0,0.008359,8212702.0,490755.0,1.448464,168835.0,26804.0,1.295796,16321500.0,49416759.75,18917430.0,56333554.5,18333567.9,9964012.8,1869782.4,510462.0,144765600.0,0.0,0.30001,0.245615,3.8e-05,0.0,0.175484,0.202404,3.8e-05,0.0,0.010925,0.012355,25.93652,0.298795
1500,A15,128kB,2,"lop",32kB,4,"hp",True,True,4MB,32,"lop",5.72724282641e-06,0.018081,316754760.6,11430488.0,963.0,0.00751,8124538.0,581010.0,1.649351,168053.0,27585.0,1.343166,16394040.0,49278442.35,18953130.0,56533743.0,18364005.75,9982828.8,1840692.0,529074.0,144765600.0,0.0,0.30001,0.24542,3.8e-05,0.0,0.175484,0.202282,3.8e-05,0.0,0.010925,0.01235,9.116219,0.066268
1500,A15,128kB,2,"lop",32kB,4,"hp",True,True,4MB,32,"lop",5.72724282641e-06,0.018081,316754760.6,11430488.0,963.0,0.00751,8124538.0,581010.0,1.649351,168053.0,27585.0,1.343166,16394040.0,49278442.35,18953130.0,56533743.0,18364005.75,9982828.8,1840692.0,529074.0,144765600.0,0.0,0.30001,0.24542,3.8e-05,0.0,0.175484,0.202282,3.8e-05,0.0,0.010925,0.01235,9.116219,0.066268
1500,A15,128kB,2,"lop",32kB,4,"lop",True,True,4MB,32,"hp",8.33336849861e-06,0.024163,344881368.15,11230282.0,883.0,0.004977,8217717.0,462321.0,1.620018,170022.0,25567.0,1.186743,20190300.0,64345840.5,19181610.0,57836439.0,25812809.85,10109836.8,1803768.0,877500.0,144723264.0,0.0,0.39475,0.243593,5e-05,0.0,0.0816,0.11403,5e-05,0.0,0.014375,0.01233,34.127,0.29135
1500,A15,128kB,2,"lop",32kB,4,"lop",True,True,4MB,32,"lop",8.35817598889e-06,0.024173,345764943.9,11230535.0,883.0,0.00487,8180239.0,500140.0,1.720556,168243.0,27346.0,1.310958,20238660.0,64374511.05,19361895.0,58064044.5,26218778.85,10202035.2,1789732.8,797139.0,144709152.0,0.0,0.39475,0.243416,5e-05,0.0,0.0816,0.113991,5e-05,0.0,0.014375,0.01233,11.995025,0.064618
1500,A15,128kB,2,"hp",32kB,4,"hp",True,False,4MB,32,"hp",5.73791952497e-06,0.018245,314492711.7,11419972.0,960.0,0.004332,8163607.0,536521.0,1.575818,156071.0,39553.0,1.869252,17699760.0,47598901.95,17484075.0,55575036.0,19419171.45,9211372.8,1687488.0,1104039.0,144702096.0,0.0,0.845519,0.400886,3.8e-05,0.0,0.175484,0.201316,3.8e-05,0.0,0.010925,0.012318,25.93652,0.286564
1500,A15,128kB,2,"hp",32kB,4,"hp",True,False,4MB,32,"lop",5.73718352899e-06,0.018255,314280116.625,11419648.0,960.0,0.004274,8082038.0,614923.0,1.742615,155998.0,39626.0,1.867949,17699760.0,47787397.875,17394825.0,55331779.5,19233400.35,9161510.4,1775004.0,1165378.5,144706800.0,0.0,0.845519,0.400527,3.8e-05,0.0,0.175484,0.201261,3.8e-05,0.0,0.010925,0.012319,9.116219,0.063614
1500,A15,128kB,2,"hp",32kB,4,"lop",True,False,4MB,32,"hp",8.32819721423e-06,0.024301,342710061.9,11219907.0,876.0,0.004283,8149712.0,528643.0,1.80987,156277.0,39304.0,1.92224,20964060.0,64735973.4,17614380.0,57493449.0,24463581.9,9280051.2,1836938.4,1668312.0,144652704.0,0.0,1.112525,0.398483,5e-05,0.0,0.0816,0.11358,5e-05,0.0,0.014375,0.012306,34.127,0.281119
1500,A15,128kB,2,"hp",32kB,4,"lop",True,False,4MB,32,"lop",8.3535118534e-06,0.024316,343539720.9,11220529.0,876.0,0.004272,8140107.0,534981.0,1.827125,156269.0,39310.0,1.918951,21084960.0,64746276.3,17769675.0,57732598.5,24652300.5,9362841.6,1865906.4,1672173.0,144652704.0,0.0,1.112525,0.397913,5e-05,0.0,0.0816,0.113539,5e-05,0.0,0.014375,0.012302,11.995025,0.062232
1500,A15,128kB,2,"lop",32kB,4,"hp",True,False,4MB,32,"hp",5.75976890085e-06,0.018272,315223779.6,11430394.0,964.0,0.004208,8178474.0,525053.0,1.545496,155904.0,39735.0,1.863612,17723940.0,47717160.0,17398395.0,55784548.5,20039109.3,9168096.0,1687936.8,957213.0,144725616.0,0.0,0.30001,0.243028,3.8e-05,0.0,0.175484,0.201362,3.8e-05,0.0,0.010925,0.012313,25.93652,0.284233
1500,A15,128kB,2,"lop",32kB,4,"hp",True,False,4MB,32,"lop",5.77817405705e-06,0.018284,316023520.95,11430164.0,964.0,0.004175,8091813.0,613814.0,1.729875,156098.0,39541.0,1.851202,17820660.0,47564605.95,17557260.0,56520201.0,20005625.7,9249945.6,1627063.2,969007.5,144709152.0,0.0,0.30001,0.242829,3.8e-05,0.0,0.175484,0.201267,3.8e-05,0.0,0.010925,0.012307,9.116219,0.062929
1500,A15,128kB,2,"lop",32kB,4,"hp",True,False,4MB,32,"lop",5.77817405705e-06,0.018284,316023520.95,11430164.0,964.0,0.004175,8091813.0,613814.0,1.729875,156098.0,39541.0,1.851202,17820660.0,47564605.95,17557260.0,56520201.0,20005625.7,9249945.6,1627063.2,969007.5,144709152.0,0.0,0.30001,0.242829,3.8e-05,0.0,0.175484,0.201267,3.8e-05,0.0,0.010925,0.012307,9.116219,0.062929
1500,A15,128kB,2,"lop",32kB,4,"lop",True,False,4MB,32,"hp",8.35522267169e-06,0.024324,343497067.575,11230806.0,887.0,0.004289,8177973.0,502082.0,1.735106,156217.0,39373.0,1.914852,21084960.0,64772030.025,17726835.0,57827115.0,24563659.35,9340262.4,1838856.0,1688049.0,144655056.0,0.0,0.39475,0.241563,5e-05,0.0,0.0816,0.113622,5e-05,0.0,0.014375,0.012299,34.127,0.278997
1500,A15,128kB,2,"lop",32kB,4,"lop",True,False,4MB,32,"lop",8.35791076486e-06,0.024336,343438147.8,11230995.0,888.0,0.004284,8146065.0,534338.0,1.816079,156317.0,39275.0,1.908774,21109140.0,64772333.85,17623305.0,57819955.5,24575999.55,9285696.0,1854686.4,1697287.5,144699744.0,0.0,0.39475,0.241363,5e-05,0.0,0.0816,0.113584,5e-05,0.0,0.014375,0.012297,11.995025,0.06183
